{".env":[".env"],"assets/fonts/Cairo-Black.ttf":["assets/fonts/Cairo-Black.ttf"],"assets/fonts/Cairo-Bold.ttf":["assets/fonts/Cairo-Bold.ttf"],"assets/fonts/Cairo-ExtraBold.ttf":["assets/fonts/Cairo-ExtraBold.ttf"],"assets/fonts/Cairo-ExtraLight.ttf":["assets/fonts/Cairo-ExtraLight.ttf"],"assets/fonts/Cairo-Light.ttf":["assets/fonts/Cairo-Light.ttf"],"assets/fonts/Cairo-Medium.ttf":["assets/fonts/Cairo-Medium.ttf"],"assets/fonts/Cairo-Regular.ttf":["assets/fonts/Cairo-Regular.ttf"],"assets/fonts/Cairo-SemiBold.ttf":["assets/fonts/Cairo-SemiBold.ttf"],"assets/images/logo.png":["assets/images/logo.png"],"assets/svg/Icon-material-dashboard.svg":["assets/svg/Icon-material-dashboard.svg"],"assets/svg/barcode.svg":["assets/svg/barcode.svg"],"assets/svg/dashboard.svg":["assets/svg/dashboard.svg"],"assets/svg/delet.svg":["assets/svg/delet.svg"],"assets/svg/delete.svg":["assets/svg/delete.svg"],"assets/svg/dots.svg":["assets/svg/dots.svg"],"assets/svg/edit.svg":["assets/svg/edit.svg"],"assets/svg/go_cart.svg":["assets/svg/go_cart.svg"],"assets/svg/menu.svg":["assets/svg/menu.svg"],"assets/svg/search.svg":["assets/svg/search.svg"],"assets/svg/user.svg":["assets/svg/user.svg"]}