[{"family":"MaterialIcons","fonts":[{"asset":"fonts/MaterialIcons-Regular.otf"}]},{"family":"Cairo","fonts":[{"weight":200,"asset":"assets/fonts/Cairo-ExtraLight.ttf"},{"weight":300,"asset":"assets/fonts/Cairo-Light.ttf"},{"weight":400,"asset":"assets/fonts/Cairo-Regular.ttf"},{"weight":500,"asset":"assets/fonts/Cairo-Medium.ttf"},{"weight":600,"asset":"assets/fonts/Cairo-SemiBold.ttf"},{"weight":700,"asset":"assets/fonts/Cairo-Bold.ttf"},{"weight":800,"asset":"assets/fonts/Cairo-ExtraBold.ttf"},{"weight":900,"asset":"assets/fonts/Cairo-Black.ttf"}]}]